{"cameraMode":{"drawMode":0,"name":"Shaded","section":"Shading Mode"},"sceneLighting":false,"audioPlay":false,"sceneViewState":{"showFog":true,"showMaterialUpdate":false,"showSkybox":false,"showFlares":true,"showImageEffects":true,"showParticleSystems":true},"in2DMode":false,"pivot":{"x":-0.00112152099609375,"y":1.4409308433532715,"z":-0.007912635803222657},"rotation":{"x":-0.007809169124811888,"y":-0.011402157135307789,"z":0.00008446782157989219,"w":-0.9999173283576965},"size":23.480514526367189,"orthographic":false}