{"cameraMode":{"drawMode":0,"name":"Shaded","section":"Shading Mode"},"sceneLighting":false,"audioPlay":false,"sceneViewState":{"showFog":true,"showMaterialUpdate":false,"showSkybox":true,"showFlares":true,"showImageEffects":true,"showParticleSystems":true},"in2DMode":false,"pivot":{"x":5.3042497634887699,"y":-1.979642391204834,"z":1.1015625},"rotation":{"x":-0.0647640973329544,"y":-0.0038952582981437446,"z":0.0002500827540643513,"w":-0.9978989362716675},"size":22.693113327026368,"orthographic":false}