{"cameraMode":{"drawMode":0,"name":"Shaded","section":"Shading Mode"},"sceneLighting":false,"audioPlay":false,"sceneViewState":{"showFog":true,"showMaterialUpdate":false,"showSkybox":false,"showFlares":true,"showImageEffects":true,"showParticleSystems":true},"in2DMode":false,"pivot":{"x":-4.389815330505371,"y":1.9645538330078126,"z":-0.03249490633606911},"rotation":{"x":-0.0647640973329544,"y":-0.0038952582981437446,"z":0.0002500827540643513,"w":-0.9978989362716675},"size":2.400017261505127,"orthographic":false}