{"cameraMode":{"drawMode":0,"name":"Shaded","section":"Shading Mode"},"sceneLighting":false,"audioPlay":false,"sceneViewState":{"showFog":false,"showMaterialUpdate":false,"showSkybox":false,"showFlares":false,"showImageEffects":false,"showParticleSystems":false},"in2DMode":false,"pivot":{"x":5.6883392333984379,"y":1.3697259426116944,"z":3.1011085510253908},"rotation":{"x":-0.0294953566044569,"y":-0.3738904297351837,"z":0.011897400952875615,"w":-0.9269302487373352},"size":3.900017023086548,"orthographic":false}