{"cameraMode":{"drawMode":0,"name":"Shaded","section":"Shading Mode"},"sceneLighting":false,"audioPlay":false,"sceneViewState":{"showFog":true,"showMaterialUpdate":false,"showSkybox":true,"showFlares":true,"showImageEffects":true,"showParticleSystems":true},"in2DMode":false,"pivot":{"x":9.90999984741211,"y":-16.8799991607666,"z":-1.0100001096725464},"rotation":{"x":-0.1690615862607956,"y":0.1798488199710846,"z":-0.03139306977391243,"w":-0.9685521721839905},"size":8.961661338806153,"orthographic":false}