{"cameraMode":{"drawMode":0,"name":"Shaded","section":"Shading Mode"},"sceneLighting":false,"audioPlay":false,"sceneViewState":{"showFog":true,"showMaterialUpdate":false,"showSkybox":true,"showFlares":true,"showImageEffects":true,"showParticleSystems":true},"in2DMode":false,"pivot":{"x":5.3042497634887699,"y":-1.979642391204834,"z":1.1015625},"rotation":{"x":-0.1922459900379181,"y":0.05942569300532341,"z":-0.011666513979434967,"w":-0.9794824123382568},"size":8.10348129272461,"orthographic":false}