{"cameraMode":{"drawMode":0,"name":"Shaded","section":"Shading Mode"},"sceneLighting":false,"audioPlay":false,"sceneViewState":{"showFog":true,"showMaterialUpdate":true,"showSkybox":false,"showFlares":true,"showImageEffects":true,"showParticleSystems":true},"in2DMode":false,"pivot":{"x":-1.0379999876022339,"y":0.0,"z":-2.9700000286102297},"rotation":{"x":-0.10326384007930756,"y":-0.6544592976570129,"z":0.09089971333742142,"w":-0.7434819936752319},"size":3.6000170707702638,"orthographic":false}