{"cameraMode":{"drawMode":0,"name":"Shaded","section":"Shading Mode"},"sceneLighting":false,"audioPlay":false,"sceneViewState":{"showFog":true,"showMaterialUpdate":false,"showSkybox":false,"showFlares":true,"showImageEffects":true,"showParticleSystems":true},"in2DMode":false,"pivot":{"x":-0.20334339141845704,"y":-0.0009279251098632813,"z":-2.0584888458251955},"rotation":{"x":-0.10196885466575623,"y":-0.056078001856803897,"z":0.005757465492933989,"w":-0.9931892156600952},"size":17.91290855407715,"orthographic":false}