{"cameraMode":{"drawMode":0,"name":"Shaded","section":"Shading Mode"},"sceneLighting":false,"audioPlay":false,"sceneViewState":{"showFog":false,"showMaterialUpdate":false,"showSkybox":false,"showFlares":false,"showImageEffects":false,"showParticleSystems":false},"in2DMode":false,"pivot":{"x":121.83233642578125,"y":5.7518157958984379,"z":-8.212844848632813},"rotation":{"x":-0.2658248543739319,"y":-0.0918126180768013,"z":0.025407083332538606,"w":-0.9593281149864197},"size":144.3439178466797,"orthographic":false}