{"cameraMode":{"drawMode":0,"name":"Shaded","section":"Shading Mode"},"sceneLighting":false,"audioPlay":false,"sceneViewState":{"showFog":true,"showMaterialUpdate":false,"showSkybox":true,"showFlares":true,"showImageEffects":true,"showParticleSystems":true},"in2DMode":false,"pivot":{"x":6.60919189453125,"y":-2.907608985900879,"z":-0.9697265625},"rotation":{"x":-0.2194652557373047,"y":0.5023418664932251,"z":-0.13353672623634339,"w":-0.8256354331970215},"size":5.801050186157227,"orthographic":false}