{"cameraMode":{"drawMode":0,"name":"Shaded","section":"Shading Mode"},"sceneLighting":false,"audioPlay":false,"sceneViewState":{"showFog":true,"showMaterialUpdate":false,"showSkybox":false,"showFlares":true,"showImageEffects":true,"showParticleSystems":true},"in2DMode":false,"pivot":{"x":-0.10499000549316406,"y":1.5305442810058594,"z":0.036581993103027347},"rotation":{"x":-0.007809169124811888,"y":-0.011402157135307789,"z":0.00008446782157989219,"w":-0.9999173283576965},"size":11.248220443725586,"orthographic":false}