{"cameraMode":{"drawMode":0,"name":"Shaded","section":"Shading Mode"},"sceneLighting":false,"audioPlay":false,"sceneViewState":{"showFog":true,"showMaterialUpdate":false,"showSkybox":true,"showFlares":true,"showImageEffects":true,"showParticleSystems":true},"in2DMode":false,"pivot":{"x":-2.7037010192871095,"y":-10.318414688110352,"z":7.1758222579956059},"rotation":{"x":-0.1630597859621048,"y":-0.01569199562072754,"z":0.002591131953522563,"w":-0.9865039587020874},"size":15.265172958374024,"orthographic":false}