{"cameraMode":{"drawMode":0,"name":"Shaded","section":"Shading Mode"},"sceneLighting":false,"audioPlay":false,"sceneViewState":{"showFog":true,"showMaterialUpdate":true,"showSkybox":true,"showFlares":true,"showImageEffects":true,"showParticleSystems":true},"in2DMode":false,"pivot":{"x":40.108184814453128,"y":5.20977783203125,"z":-1.0252151489257813},"rotation":{"x":-0.034796372056007388,"y":-0.018890228122472764,"z":0.0006579147302545607,"w":-0.9992170333862305},"size":19.81818199157715,"orthographic":false}