{"cameraMode":{"drawMode":0,"name":"Shaded","section":"Shading Mode"},"sceneLighting":false,"audioPlay":false,"sceneViewState":{"showFog":true,"showMaterialUpdate":false,"showSkybox":false,"showFlares":true,"showImageEffects":true,"showParticleSystems":true},"in2DMode":false,"pivot":{"x":-6.079899787902832,"y":-1.9382562637329102,"z":-0.9786624908447266},"rotation":{"x":0.18023928999900819,"y":0.07841458171606064,"z":-0.014403372071683407,"w":0.9804120659828186},"size":7.17123556137085,"orthographic":false}