{"cameraMode":{"drawMode":0,"name":"Shaded","section":"Shading Mode"},"sceneLighting":false,"audioPlay":false,"sceneViewState":{"showFog":false,"showMaterialUpdate":false,"showSkybox":false,"showFlares":false,"showImageEffects":false,"showParticleSystems":false},"in2DMode":false,"pivot":{"x":165.20632934570313,"y":-74.59437561035156,"z":-47.29037857055664},"rotation":{"x":-0.15525959432125092,"y":-0.7265667915344238,"z":0.17457953095436097,"w":-0.6461634039878845},"size":109.75045776367188,"orthographic":false}