{"cameraMode":{"drawMode":0,"name":"Shaded","section":"Shading Mode"},"sceneLighting":false,"audioPlay":false,"sceneViewState":{"showFog":false,"showMaterialUpdate":false,"showSkybox":false,"showFlares":false,"showImageEffects":false,"showParticleSystems":false},"in2DMode":false,"pivot":{"x":69.39996337890625,"y":-9.190024375915528,"z":0.3832426071166992},"rotation":{"x":-0.16159451007843018,"y":0.006510279607027769,"z":-0.0010659713298082352,"w":-0.9868347644805908},"size":37.44054412841797,"orthographic":false}