{"cameraMode":{"drawMode":0,"name":"Shaded","section":"Shading Mode"},"sceneLighting":true,"audioPlay":false,"sceneViewState":{"showFog":true,"showMaterialUpdate":false,"showSkybox":false,"showFlares":true,"showImageEffects":true,"showParticleSystems":true},"in2DMode":false,"pivot":{"x":14.28824234008789,"y":0.7992008924484253,"z":19.159473419189454},"rotation":{"x":-0.5051047801971436,"y":-0.027955707162618638,"z":0.016372643411159517,"w":-0.8624514937400818},"size":4.925759315490723,"orthographic":false}