{"cameraMode":{"drawMode":0,"name":"Shaded","section":"Shading Mode"},"sceneLighting":false,"audioPlay":false,"sceneViewState":{"showFog":false,"showMaterialUpdate":false,"showSkybox":false,"showFlares":false,"showImageEffects":false,"showParticleSystems":false},"in2DMode":false,"pivot":{"x":4.186939716339111,"y":-0.9926615357398987,"z":-0.8330259323120117},"rotation":{"x":0.07194741815328598,"y":-0.6203798055648804,"z":0.057306479662656787,"w":0.7789031863212586},"size":3.342118263244629,"orthographic":false}