{"cameraMode":{"drawMode":0,"name":"Shaded","section":"Shading Mode"},"sceneLighting":false,"audioPlay":false,"sceneViewState":{"showFog":false,"showMaterialUpdate":false,"showSkybox":false,"showFlares":false,"showImageEffects":false,"showParticleSystems":false},"in2DMode":false,"pivot":{"x":3.5318987369537355,"y":-1.8534212055411759e-18,"z":0.4173533320426941},"rotation":{"x":-0.10592009127140045,"y":0.368590384721756,"z":-0.04232043772935867,"w":-0.9225724935531616},"size":10.0,"orthographic":false}