{"cameraMode":{"drawMode":0,"name":"Shaded","section":"Shading Mode"},"sceneLighting":false,"audioPlay":false,"sceneViewState":{"showFog":false,"showMaterialUpdate":false,"showSkybox":false,"showFlares":false,"showImageEffects":false,"showParticleSystems":false},"in2DMode":false,"pivot":{"x":-1.2206363677978516,"y":0.728640079498291,"z":0.9458694458007813},"rotation":{"x":0.0988660380244255,"y":-0.26014095544815066,"z":0.026788877323269845,"w":0.96013343334198},"size":5.700870037078857,"orthographic":false}