{"cameraMode":{"drawMode":0,"name":"Shaded","section":"Shading Mode"},"sceneLighting":false,"audioPlay":false,"sceneViewState":{"showFog":true,"showMaterialUpdate":false,"showSkybox":false,"showFlares":true,"showImageEffects":true,"showParticleSystems":true},"in2DMode":false,"pivot":{"x":-4.1518635749816898,"y":-1.2473294734954835,"z":-0.3612416982650757},"rotation":{"x":-0.10506851971149445,"y":0.16831569373607636,"z":-0.01805133745074272,"w":-0.9799641966819763},"size":12.792009353637696,"orthographic":false}