{"cameraMode":{"drawMode":0,"name":"Shaded","section":"Shading Mode"},"sceneLighting":false,"audioPlay":false,"sceneViewState":{"showFog":true,"showMaterialUpdate":false,"showSkybox":true,"showFlares":true,"showImageEffects":true,"showParticleSystems":true},"in2DMode":false,"pivot":{"x":68.4513168334961,"y":4.1797075271606449,"z":0.8909778594970703},"rotation":{"x":-0.015308033674955368,"y":-0.01290089264512062,"z":0.000197319604922086,"w":-0.9998027086257935},"size":14.075382232666016,"orthographic":false}