{"cameraMode":{"drawMode":0,"name":"Shaded","section":"Shading Mode"},"sceneLighting":false,"audioPlay":false,"sceneViewState":{"showFog":false,"showMaterialUpdate":false,"showSkybox":false,"showFlares":false,"showImageEffects":false,"showParticleSystems":false},"in2DMode":false,"pivot":{"x":1.5726372003555298,"y":-0.4955005943775177,"z":-2.1951377391815187},"rotation":{"x":-0.11105049401521683,"y":-0.7606784701347351,"z":0.13512901961803437,"w":-0.6251256465911865},"size":7.346761703491211,"orthographic":false}