{"cameraMode":{"drawMode":0,"name":"Shaded","section":"Shading Mode"},"sceneLighting":false,"audioPlay":false,"sceneViewState":{"showFog":true,"showMaterialUpdate":false,"showSkybox":false,"showFlares":true,"showImageEffects":true,"showParticleSystems":true},"in2DMode":false,"pivot":{"x":-2.691119909286499,"y":0.5617611408233643,"z":0.0},"rotation":{"x":-0.13782870769500733,"y":0.024359004572033883,"z":-0.0034003378823399545,"w":-0.9901629090309143},"size":4.724429130554199,"orthographic":false}