{"cameraMode":{"drawMode":0,"name":"Shaded","section":"Shading Mode"},"sceneLighting":false,"audioPlay":false,"sceneViewState":{"showFog":true,"showMaterialUpdate":false,"showSkybox":false,"showFlares":true,"showImageEffects":true,"showParticleSystems":true},"in2DMode":false,"pivot":{"x":-0.2915496826171875,"y":1.6482162475585938,"z":2.033418893814087},"rotation":{"x":-0.10196885466575623,"y":-0.056078001856803897,"z":0.005757465492933989,"w":-0.9931892156600952},"size":35.410343170166019,"orthographic":false}