{"cameraMode":{"drawMode":0,"name":"Shaded","section":"Shading Mode"},"sceneLighting":true,"audioPlay":false,"sceneViewState":{"showFog":true,"showMaterialUpdate":false,"showSkybox":false,"showFlares":true,"showImageEffects":true,"showParticleSystems":true},"in2DMode":false,"pivot":{"x":-9.899999618530274,"y":0.09999990463256836,"z":7.900000095367432},"rotation":{"x":-0.5162187814712524,"y":0.09642976522445679,"z":-0.05863312631845474,"w":-0.8489892482757568},"size":9.838048934936524,"orthographic":false}