{"cameraMode":{"drawMode":0,"name":"Shaded","section":"Shading Mode"},"sceneLighting":false,"audioPlay":false,"sceneViewState":{"showFog":true,"showMaterialUpdate":false,"showSkybox":false,"showFlares":true,"showImageEffects":true,"showParticleSystems":true},"in2DMode":false,"pivot":{"x":-1.391216516494751,"y":0.06555551290512085,"z":0.0},"rotation":{"x":-0.06450530886650086,"y":0.3054002821445465,"z":-0.020740848034620286,"w":-0.9498108625411987},"size":2.177873134613037,"orthographic":false}