{"cameraMode":{"drawMode":0,"name":"Shaded","section":"Shading Mode"},"sceneLighting":false,"audioPlay":false,"sceneViewState":{"showFog":false,"showMaterialUpdate":false,"showSkybox":false,"showFlares":false,"showImageEffects":false,"showParticleSystems":false},"in2DMode":false,"pivot":{"x":-9.568120956420899,"y":-0.5619648098945618,"z":77.1490707397461},"rotation":{"x":-0.08110587298870087,"y":0.052895788103342059,"z":-0.004323539789766073,"w":-0.995303750038147},"size":76.39920806884766,"orthographic":false}