{"cameraMode":{"drawMode":0,"name":"Shaded","section":"Shading Mode"},"sceneLighting":false,"audioPlay":false,"sceneViewState":{"showFog":true,"showMaterialUpdate":false,"showSkybox":false,"showFlares":true,"showImageEffects":true,"showParticleSystems":true},"in2DMode":false,"pivot":{"x":0.022748947143554689,"y":-1.3542234897613526,"z":0.0},"rotation":{"x":-0.0647640973329544,"y":-0.0038952582981437446,"z":0.0002500827540643513,"w":-0.9978989362716675},"size":2.8506433963775636,"orthographic":false}