{"cameraMode":{"drawMode":0,"name":"Shaded","section":"Shading Mode"},"sceneLighting":false,"audioPlay":false,"sceneViewState":{"showFog":false,"showMaterialUpdate":false,"showSkybox":false,"showFlares":false,"showImageEffects":false,"showParticleSystems":false},"in2DMode":false,"pivot":{"x":-0.46030473709106448,"y":0.4138360023498535,"z":-0.02129364013671875},"rotation":{"x":-0.13341160118579865,"y":0.002077536890283227,"z":-0.0002824809344019741,"w":-0.9910644888877869},"size":1.5940430164337159,"orthographic":false}