{"cameraMode":{"drawMode":0,"name":"Shaded","section":"Shading Mode"},"sceneLighting":false,"audioPlay":false,"sceneViewState":{"showFog":false,"showMaterialUpdate":false,"showSkybox":false,"showFlares":false,"showImageEffects":false,"showParticleSystems":false},"in2DMode":false,"pivot":{"x":0.0,"y":1.227623462677002,"z":0.02500000037252903},"rotation":{"x":0.06172354146838188,"y":0.10550988465547562,"z":-0.006556894164532423,"w":0.9924918413162231},"size":14.453353881835938,"orthographic":false}