{"cameraMode":{"drawMode":0,"name":"Shaded","section":"Shading Mode"},"sceneLighting":false,"audioPlay":false,"sceneViewState":{"showFog":true,"showMaterialUpdate":false,"showSkybox":false,"showFlares":true,"showImageEffects":true,"showParticleSystems":true},"in2DMode":false,"pivot":{"x":147.1868133544922,"y":11.550323486328125,"z":-24.281269073486329},"rotation":{"x":-0.0647640973329544,"y":-0.0038952582981437446,"z":0.0002500827540643513,"w":-0.9978989362716675},"size":7.768597602844238,"orthographic":false}