{"cameraMode":{"drawMode":0,"name":"Shaded","section":"Shading Mode"},"sceneLighting":false,"audioPlay":false,"sceneViewState":{"showFog":true,"showMaterialUpdate":false,"showSkybox":true,"showFlares":true,"showImageEffects":true,"showParticleSystems":true},"in2DMode":false,"pivot":{"x":127.0999984741211,"y":0.9089999794960022,"z":0.0},"rotation":{"x":-0.14453348517417909,"y":0.10133203119039536,"z":-0.014875059947371483,"w":-0.9842103123664856},"size":11.411661148071289,"orthographic":false}