{"cameraMode":{"drawMode":0,"name":"Shaded","section":"Shading Mode"},"sceneLighting":false,"audioPlay":false,"sceneViewState":{"showFog":true,"showMaterialUpdate":false,"showSkybox":true,"showFlares":true,"showImageEffects":true,"showParticleSystems":true},"in2DMode":false,"pivot":{"x":-4.281496047973633,"y":-0.20897197723388673,"z":0.8678016662597656},"rotation":{"x":-0.09166868776082993,"y":0.021489467471837999,"z":-0.0021232236176729204,"w":-0.9956836700439453},"size":9.4854736328125,"orthographic":false}