{"cameraMode":{"drawMode":0,"name":"Shaded","section":"Shading Mode"},"sceneLighting":true,"audioPlay":false,"sceneViewState":{"showFog":true,"showMaterialUpdate":false,"showSkybox":false,"showFlares":true,"showImageEffects":true,"showParticleSystems":true},"in2DMode":false,"pivot":{"x":14.600000381469727,"y":0.010000228881835938,"z":8.300000190734864},"rotation":{"x":-0.5162187814712524,"y":0.09642976522445679,"z":-0.05863312631845474,"w":-0.8489892482757568},"size":10.452926635742188,"orthographic":false}