{"cameraMode":{"drawMode":0,"name":"Shaded","section":"Shading Mode"},"sceneLighting":false,"audioPlay":false,"sceneViewState":{"showFog":true,"showMaterialUpdate":true,"showSkybox":false,"showFlares":true,"showImageEffects":true,"showParticleSystems":true},"in2DMode":false,"pivot":{"x":1.7941361665725709,"y":0.0000027769626740337118,"z":-0.12724944949150086},"rotation":{"x":-0.043768949806690219,"y":-0.03536151349544525,"z":0.001549162669107318,"w":-0.9984201788902283},"size":1.5000174045562745,"orthographic":false}