{"cameraMode":{"drawMode":0,"name":"Shaded","section":"Shading Mode"},"sceneLighting":false,"audioPlay":false,"sceneViewState":{"showFog":true,"showMaterialUpdate":true,"showSkybox":false,"showFlares":true,"showImageEffects":true,"showParticleSystems":true},"in2DMode":false,"pivot":{"x":2.29597806930542,"y":-6.547142028808594,"z":-5.484941482543945},"rotation":{"x":-0.043768949806690219,"y":-0.03536151349544525,"z":0.001549162669107318,"w":-0.9984201788902283},"size":10.771693229675293,"orthographic":false}