{"cameraMode":{"drawMode":0,"name":"Shaded","section":"Shading Mode"},"sceneLighting":false,"audioPlay":false,"sceneViewState":{"showFog":true,"showMaterialUpdate":false,"showSkybox":false,"showFlares":true,"showImageEffects":true,"showParticleSystems":true},"in2DMode":false,"pivot":{"x":-53.291419982910159,"y":0.23454523086547852,"z":-20.92603874206543},"rotation":{"x":-0.0647640973329544,"y":-0.0038952582981437446,"z":0.0002500827540643513,"w":-0.9978989362716675},"size":8.616141319274903,"orthographic":false}