{"cameraMode":{"drawMode":0,"name":"Shaded","section":"Shading Mode"},"sceneLighting":false,"audioPlay":false,"sceneViewState":{"showFog":true,"showMaterialUpdate":false,"showSkybox":true,"showFlares":true,"showImageEffects":true,"showParticleSystems":true},"in2DMode":false,"pivot":{"x":3.3147411346435549,"y":-2.394777536392212,"z":3.6729159355163576},"rotation":{"x":-0.17582477629184724,"y":0.41526463627815249,"z":-0.0821540579199791,"w":-0.888763964176178},"size":11.178418159484864,"orthographic":false}