{"cameraMode":{"drawMode":0,"name":"Shaded","section":"Shading Mode"},"sceneLighting":true,"audioPlay":false,"sceneViewState":{"showFog":true,"showMaterialUpdate":false,"showSkybox":false,"showFlares":true,"showImageEffects":true,"showParticleSystems":true},"in2DMode":false,"pivot":{"x":1.7000000476837159,"y":0.0949999988079071,"z":8.199999809265137},"rotation":{"x":-0.5162187814712524,"y":0.09642976522445679,"z":-0.05863312631845474,"w":-0.8489892482757568},"size":7.2525105476379398,"orthographic":false}