{"cameraMode":{"drawMode":0,"name":"Shaded","section":"Shading Mode"},"sceneLighting":true,"audioPlay":false,"sceneViewState":{"showFog":true,"showMaterialUpdate":false,"showSkybox":false,"showFlares":true,"showImageEffects":true,"showParticleSystems":true},"in2DMode":false,"pivot":{"x":14.28824234008789,"y":0.7992008924484253,"z":19.159473419189454},"rotation":{"x":-0.26839208602905276,"y":-0.023986101150512697,"z":0.006685113999992609,"w":-0.9629886746406555},"size":4.925759315490723,"orthographic":false}