{"cameraMode":{"drawMode":0,"name":"Shaded","section":"Shading Mode"},"sceneLighting":true,"audioPlay":false,"sceneViewState":{"showFog":true,"showMaterialUpdate":false,"showSkybox":false,"showFlares":true,"showImageEffects":true,"showParticleSystems":true},"in2DMode":false,"pivot":{"x":-19.760000228881837,"y":0.09999990463256836,"z":7.300000190734863},"rotation":{"x":-0.5162187814712524,"y":0.09642976522445679,"z":-0.05863312631845474,"w":-0.8489892482757568},"size":9.855369567871094,"orthographic":false}