{"cameraMode":{"drawMode":0,"name":"Shaded","section":"Shading Mode"},"sceneLighting":false,"audioPlay":false,"sceneViewState":{"showFog":true,"showMaterialUpdate":true,"showSkybox":false,"showFlares":true,"showImageEffects":true,"showParticleSystems":true},"in2DMode":false,"pivot":{"x":-1.4225692749023438,"y":0.21858501434326173,"z":-0.39219409227371218},"rotation":{"x":-0.20811031758785249,"y":0.5053377151489258,"z":-0.12704914808273316,"w":-0.8277578353881836},"size":3.606391191482544,"orthographic":false}