{"cameraMode":{"drawMode":0,"name":"Shaded","section":"Shading Mode"},"sceneLighting":false,"audioPlay":false,"sceneViewState":{"showFog":false,"showMaterialUpdate":false,"showSkybox":false,"showFlares":false,"showImageEffects":false,"showParticleSystems":false},"in2DMode":false,"pivot":{"x":0.14695215225219727,"y":-0.9832409024238586,"z":-0.0707126259803772},"rotation":{"x":0.07194741815328598,"y":-0.6203798055648804,"z":0.057306479662656787,"w":0.7789031863212586},"size":1.814917802810669,"orthographic":false}