{"cameraMode":{"drawMode":0,"name":"Shaded","section":"Shading Mode"},"sceneLighting":false,"audioPlay":false,"sceneViewState":{"showFog":false,"showMaterialUpdate":false,"showSkybox":false,"showFlares":false,"showImageEffects":false,"showParticleSystems":false},"in2DMode":false,"pivot":{"x":0.5030126571655273,"y":1.5706263780593873,"z":-2.3437013626098635},"rotation":{"x":0.2586936950683594,"y":-0.6595841646194458,"z":0.2601003646850586,"w":0.6560460925102234},"size":5.2390241622924809,"orthographic":false}